,one,two,three,four
a,-1.250699093,-0.573801164,0.705960852,-1.01568238
b,,-0.217766454,0.655179162,1.379276172
c,-0.86035878,-1.313747176,0.676174427,1.034416905
d,,,,
e,0.079168985,0.029137579,0.239182929,-0.492038649
f,-1.149060454,,,-0.160499256
